Iteration,Loss,Position,Rotation
1,0.20174953165026693,[9.52739836912202, 3.7405320531139847, 11.394754509361844],[30.695222937416517, 27.202330343398753, 34.94435826043616]
2,0.2009760968554816,[9.623312075207114, 2.0855526015376626, 10.790504258639091],[28.585475802337605, 31.87089989824435, 29.685897640504315]
3,0.20143112536712598,[9.422789484248893, 2.924615561311644, 10.209429938850533],[27.50327379705633, 27.527019494555663, 26.5711820976186]
4,0.20360948336078355,[9.678739749323155, 3.5471238478445772, 10.23541704586658],[29.620545815641364, 26.18782423829514, 29.858609183036084]
5,0.2015090722672206,[8.824549085022532, 3.661794085566692, 11.473019747496393],[30.432417332881066, 29.790493900958808, 26.30311414362574]
6,0.2017360844714085,[8.973710693501703, 3.8651892534030408, 11.402551627811626],[27.33218220394651, 28.022239560205026, 31.236456364084155]
7,0.20326630776092727,[9.134093204465833, 3.2099004676377767, 11.807450823115838],[28.350824978725626, 28.096932991565758, 27.127380920911776]
8,0.20190679633368408,[8.996654365241241, 3.174056744540683, 10.136706648084568],[28.017462253076243, 32.36983539162937, 34.31266515623488]
9,0.20188152238383944,[8.145621016317385, 2.8673778550819597, 11.911202667012937],[34.94515256153795, 33.58930849853674, 34.379059500106706]
10,0.2024673682401991,[8.81319704966696, 3.9640524678451845, 11.745365961110554],[31.065241098956122, 29.656890840480276, 30.735539422409005]
11,0.20157134575861388,[9.228630160414681, 3.4202309102874233, 11.545687287262421],[33.69055866530823, 33.029037043506236, 26.580142775969275]
12,0.20142804951470078,[9.161467008164461, 3.5041092027233818, 11.224019624640187],[30.79609429510723, 28.395182210952235, 30.04783186543063]
13,0.20056192051523913,[9.216060893738696, 3.4768297965578534, 10.230682538450958],[32.747628460353646, 26.788358740156493, 33.80812587097318]
14,0.2024016853537355,[8.990289551198146, 3.168281197875346, 11.557858208128922],[26.352786647119597, 34.40967659628042, 28.53481180709558]
15,0.20153181120687197,[8.401772326166242, 3.7882130263200384, 10.935191586086749],[28.951275027576504, 29.70511337071226, 34.14259026833114]
16,0.20305619108599193,[9.228732755219697, 3.5085592092788023, 11.905763922010994],[29.470386405417155, 30.897120401792534, 33.869557507040916]
17,0.20110451475589972,[9.110196962399861, 3.4253649719266, 10.532543377692758],[25.421684882788114, 31.06677985992529, 27.77161814216212]
18,0.20257553118885188,[8.63281246049371, 3.95898910937028, 11.388666614608892],[27.7943818720459, 29.063723800595245, 32.906564289891804]
19,0.20227561149421727,[8.831510050543582, 3.847656385514422, 10.274530887307233],[34.89400502513742, 26.013024270727776, 33.794204351726826]
20,0.20256475369095236,[9.149893118378772, 2.7408523854996405, 10.06074629537608],[30.900113516685863, 30.742767085667033, 33.89976079763309]
21,0.20209100766227403,[9.014515600379392, 2.8013025788509953, 11.32380418020074],[30.217415075483913, 25.249789139717862, 26.93276414547533]
22,0.202329184996054,[8.22059291823361, 3.7992502492184412, 11.179905880587775],[25.495402945639793, 26.403347584362592, 32.59875803255178]
23,0.20172840390371083,[8.995753518464902, 3.6818093294029834, 11.385977132144928],[27.650468168520316, 32.793717118610765, 31.329962734486514]
24,0.20306122523833905,[9.13598322450201, 2.4993491922805027, 11.935137768581301],[28.794614097495657, 28.34162534772709, 27.68545922619678]
25,0.20199100877727671,[8.036892431268331, 2.736425428563626, 10.282244497122493],[31.3458557026823, 30.977522610067094, 32.280646405715984]
26,0.20279163370510978,[8.87418502334587, 2.217741518364167, 10.79353912546491],[26.161321991799074, 34.00998327911088, 29.737864275816648]
27,0.20203489421399937,[9.356976514176896, 2.521022601669449, 11.704344677427256],[32.321287933544156, 25.62028232300193, 26.40538224975654]
28,0.20295455387715206,[9.24381073625256, 3.505341574960295, 11.852739832121438],[34.236972321576445, 26.604077559215874, 28.140053211140803]
29,0.2015862292368322,[9.001329578419103, 2.759108383864426, 10.161002701909522],[32.21754191926009, 34.69283558377557, 27.937135283998128]
30,0.2024075184696523,[8.768797957971408, 3.3789932785513512, 10.741212326246167],[26.49064503207891, 34.410491577142224, 28.473597798477204]
31,0.20300504710962905,[8.298743055225366, 2.3838436738541176, 11.902530176020091],[31.41155145606816, 33.49444389475514, 27.595207753678373]
32,0.2020176723909539,[9.377519095782462, 2.760740968865558, 11.585545784163898],[33.30239588495896, 32.99599128481344, 26.187106851419113]
33,0.20225081348077195,[8.082586302648592, 3.547673756585378, 10.762770253100703],[31.34841632842875, 27.378666568539035, 26.291835387096434]
34,0.20207870822267096,[8.092732906387429, 3.87096694361275, 10.6124051134418],[27.375095352342484, 26.23077525543643, 26.160218980859387]
35,0.20100770165197804,[8.131139319832975, 2.5737711340146254, 10.383235812085518],[32.34687823398089, 33.58673014161859, 31.592093678152416]
36,0.2021187534818003,[8.806460569614307, 2.2269651130353623, 11.093880352652032],[28.29663892248305, 26.883201228737956, 25.767849878041744]
37,0.20267140203037612,[9.333285605589374, 3.393992007724905, 11.084095336651185],[32.990906598884536, 29.305810824093072, 31.94186643239562]
38,0.20350326924165746,[8.249537893865371, 3.921264583161323, 10.087764751987434],[27.044845526135678, 32.930400427198556, 28.465899963982324]
39,0.20173776049700307,[9.560364027703077, 3.5528332296516694, 10.391783380384641],[33.01213012135679, 29.371237503680945, 32.84023469945403]
40,0.20217634684793195,[7.97675825899845, 3.4679460812396234, 11.139959185765708],[29.166728649894637, 30.137344521074223, 32.26543569220645]
41,0.2031864446009723,[8.13458888087802, 3.1853693015092923, 11.923022637419717],[30.671469560031326, 27.230110580061353, 25.687485441963922]
42,0.20197879877834132,[8.4618084164532, 3.8253519539459786, 10.178252816732185],[26.52349124041933, 27.3147800382724, 25.992408253342553]
43,0.2023322172951017,[8.468491243332274, 3.0154283935063013, 11.510740157978146],[30.561256839955846, 33.086586303193094, 33.49945441561395]
44,0.20147660922193125,[9.311055480890854, 2.2732437473571645, 11.29794318085905],[32.21185681764998, 27.74818235906588, 27.448548813724287]
45,0.20236143950608138,[9.746256784056651, 3.7492828923214514, 10.987023209720737],[27.262645951148173, 25.73546309975061, 34.98481236612301]
46,0.20276130827933592,[8.837313170813841, 3.4954342995798404, 10.231440370275358],[30.96907881816227, 29.964181986046814, 27.759282715749425]
47,0.20327117295780758,[9.494957180317735, 3.4078684782862334, 11.68917068302493],[28.584993354713525, 33.116275276325936, 30.65633159212634]
48,0.20178016534570267,[8.309897822962284, 3.942840015131809, 10.936377584337158],[32.54300168779591, 25.28806076282102, 32.12296252653019]
49,0.20156224133989065,[8.750844509477933, 3.5493539055701775, 10.039004236434407],[27.726384103368368, 30.778411310324856, 30.788287553460695]
50,0.20167079660440865,[8.848019811615625, 2.896199018897375, 11.507173251099411],[25.6891432516056, 34.89108630367083, 27.560187947778083]
51,0.20299836601660515,[9.412704028424319, 3.583848997746186, 11.12419966212117],[32.113710853687955, 29.77271261212543, 26.872875853954685]
52,0.2021554430759371,[8.5159533585112, 2.551787045034628, 11.80491148000288],[31.959821232576388, 33.54326841236872, 29.926830321436572]
53,0.2014393493482818,[8.069974195870207, 3.152289401355124, 11.160254292646757],[34.57195788526964, 28.01773642216711, 31.789639344370983]
54,0.20288795069566776,[8.113736370993085, 2.9191910747098864, 11.343330967326107],[33.840468601558044, 25.343536038922732, 26.203800816707655]
55,0.20180498634637684,[9.686184986398302, 3.974770066271659, 11.457637231526483],[32.84730938828074, 32.78865543066595, 25.11134994689821]
56,0.20237032501543978,[8.529308448021022, 2.369116077882693, 10.320203567781103],[29.228568882493402, 26.337484518877197, 29.386319212821224]
57,0.2020650842110914,[7.962716073598432, 3.0762441569693664, 10.121129937085776],[34.860935014882784, 34.681796150969014, 29.714494308149213]
58,0.20175560723495972,[8.552402095241307, 2.235192430634002, 11.577710586919181],[29.435017024308745, 33.94517356274232, 26.54577876075548]
59,0.20192758357054327,[9.227589526930132, 3.934261914856971, 11.398207974601275],[31.630357308985324, 25.66821104652095, 34.44507181262591]
60,0.20161200630318674,[8.37837853455757, 3.1420949872229857, 11.831010958374481],[30.082070311442852, 26.996867676358505, 32.017714170355475]
61,0.20228199454050846,[8.941477308404853, 3.9307152121296047, 11.083657064256888],[25.34658919953648, 34.358916803011816, 26.010411814918452]
62,0.20286449738507337,[9.374848048134469, 2.432235533297572, 11.270113547034248],[30.60543159981792, 34.636439715769626, 32.784972053898045]
63,0.20223704865123407,[9.734713880828256, 3.0729428587364565, 11.878743605581501],[32.24485551026563, 29.39360690819823, 33.84323015034227]
64,0.20299796556170155,[8.610385067570693, 2.215842935596833, 11.640106695944604],[25.65059562986578, 28.226902873543448, 29.05649593305405]
65,0.20229070292138468,[9.03940969533842, 2.606348124671373, 11.472598645042732],[26.808723332062808, 34.91687268781356, 26.6877778521392]
66,0.2015536081233972,[8.863188084205142, 3.3909776435999888, 11.277855898652712],[26.9222529631284, 30.954780562677097, 30.43477493708513]
67,0.20240832987962223,[8.412689618009805, 2.352413951178013, 11.488609195373723],[34.22880008603714, 27.671353809232766, 34.77971692644043]
68,0.20318841310137742,[8.442265249139535, 3.4963931618922404, 11.00279788684071],[33.758224149679045, 29.971091165322093, 30.2189322584551]
69,0.20192657301207945,[9.712342442776249, 2.241458344215519, 10.968693068739155],[26.20034489506474, 31.405285245604837, 31.52603684121066]
70,0.2016398839158008,[9.58534056586047, 3.8346398990801, 10.652523034719584],[31.818224558501463, 33.2575661438153, 34.313513275201316]
71,0.20249747563587045,[8.398789043360459, 2.2276633791603238, 11.806377870303182],[29.23322969852583, 29.0405578489759, 26.518050145075044]
72,0.20177288306573185,[8.193919043853306, 2.7738068792397823, 10.803086015359835],[27.588182944673648, 25.293619399084307, 30.553284418052094]
73,0.2021968883897831,[8.263613479172061, 3.465935650893556, 10.40983411805461],[32.16679084838867, 28.7950095992793, 32.4555564166617]
74,0.20343551857370182,[8.254764573803747, 3.6270548445953876, 11.334826962602806],[27.66829426821817, 32.92908232633645, 25.046492628574185]
75,0.20241995710672173,[7.856840866631114, 3.128410548862882, 10.277789876501151],[31.56497572477525, 28.27310261117907, 32.59370187094541]
76,0.20146949309813977,[8.548836422237573, 3.2756542303598613, 11.55042261469663],[28.363000462540807, 27.618176622057703, 33.862776972442404]
77,0.20214919126857572,[9.476346571697244, 3.5383295683040297, 11.534385271261016],[33.90221652628278, 29.76989260924686, 34.372827793535535]
78,0.2021582510284787,[8.913078082545768, 2.0971195108962783, 10.964937262091407],[28.41486700087911, 25.885893967764048, 27.52903528539154]
79,0.2034498620603786,[8.85533832334496, 3.4799429936162793, 10.876429361687673],[31.594398973136123, 33.544376140393666, 33.174846286875265]
80,0.2011921680625303,[9.657944340657064, 2.2303456197151883, 10.867024151843175],[29.201080232420665, 29.29997582281974, 30.95011886029939]
81,0.2032989041253903,[9.797954424276861, 2.9226055602949934, 10.011902629051958],[30.32733705524801, 29.130537437113908, 31.938723988963616]
82,0.20264136988794001,[9.511299075755431, 2.759550548421307, 10.014755983537398],[29.45127522328144, 25.10236234380121, 25.028387123077472]
83,0.20223070721731645,[9.03833603981223, 2.568229455453224, 10.49946817244007],[34.65829455228061, 31.252414945678733, 31.55296678131738]
84,0.20259441071573212,[8.5494763803069, 2.5485058332925847, 11.53123471944184],[26.373405653467437, 31.390162523581143, 34.7199920276289]
85,0.202265621514268,[7.830218259560145, 3.203866122837362, 10.168208420709227],[33.04416539721704, 26.753731695468364, 26.06597095842031]
86,0.20114161730679578,[8.01606200735135, 3.234403015626089, 10.267119959129145],[30.47932605850136, 25.968935781843367, 25.841417976760887]
87,0.20258155034956218,[8.099769327784763, 3.6450395638549913, 10.6591422721417],[30.42506666136841, 28.956269765226814, 25.89442567909161]
88,0.20165768001134163,[7.840007213516301, 2.9702032220311376, 10.246444275177897],[28.131620651417716, 28.87805806799178, 29.83505911861415]
89,0.2024998666903963,[9.501519400230503, 3.8154133637629144, 10.805205460718938],[31.331239412207424, 30.039227244463593, 34.88213331304644]
90,0.20236049853666768,[9.648553454268363, 2.5929699674303546, 11.097554742781178],[34.28403929956707, 32.0426437318567, 28.362086086591027]
91,0.20165740850978375,[7.933519430384368, 2.4117391716904546, 10.841220849390588],[32.344346027791545, 34.477824724537626, 29.338222223029007]
92,0.20175987491908295,[9.528730951759412, 3.2150591234320607, 11.134331341567549],[33.19275052759327, 31.82163224805769, 30.04461784831471]
93,0.20279555928597498,[8.591855601065157, 2.4639775425769903, 10.099860497913287],[25.452493306025527, 32.59546571428607, 32.36339368489035]
94,0.20268222539745684,[8.503120506015305, 3.382061768933231, 11.630261870691037],[27.949691488250167, 32.12157745816957, 28.404469003691887]
95,0.20226923471984573,[8.949317798697109, 2.849708509503026, 10.855531793157596],[27.72255045124911, 34.927286112560886, 32.031847409430554]
96,0.20163599495702283,[9.57405745450027, 2.1415545118444244, 10.606839551862755],[26.351869533806003, 31.52815742671961, 28.86780200164903]
97,0.20236853007940264,[8.408642522800047, 3.2971005168715743, 10.99443926344839],[28.721616135399984, 29.396237226996305, 33.00860151510158]
98,0.20261369474024182,[9.148220145121678, 3.257695240155338, 10.170222742970344],[28.553571710979057, 30.920663583792145, 28.736039354327346]
99,0.2024480978395618,[8.40761557966335, 2.910040532442227, 11.995760163832427],[25.244131587522233, 31.116442743180585, 31.792561146635457]
100,0.2011571323680527,[8.496689069998258, 2.6467745406019207, 10.277498955137565],[25.249227496807364, 26.8841353253644, 33.11207627680908]
1,0.2020281407765226,[8.897427306573647, 2.2548902888011, 11.405275849968161],[26.30019046193469, 33.27820352780175, 29.558765266890465]
2,0.20289039725429983,[8.353213283441299, 2.631738599698149, 11.863822524888699],[29.044121563316015, 32.755213306446045, 25.288653945096563]
3,0.20195534241790428,[9.122666364277551, 2.6796615000191966, 10.544510104960999],[27.3247757045294, 28.672247148489664, 28.205893820170942]
4,0.20306952216383534,[8.373225800385837, 3.9875713633726004, 10.043132311542406],[27.263699661030305, 26.823864433275933, 33.20706793095079]
5,0.20137204319284258,[9.426072863208397, 3.8776085859656497, 10.219230254943653],[30.178960688306226, 32.21527730687387, 25.188867923538808]
6,0.20166964766925227,[9.701669512911282, 3.9386989391895675, 10.457774574071474],[32.50975651722199, 34.22020382320261, 26.88604399240952]
7,0.20114199363499946,[9.390485944835287, 2.5318181122814396, 11.07333793785857],[25.667053659606967, 33.99003097086624, 25.476487203555372]
8,0.202692461269808,[8.05358063645208, 3.930249558747043, 11.06774104990781],[27.262961651895928, 29.390115514827556, 34.00745094615263]
9,0.2019652552667921,[8.031672201498232, 2.06299112101046, 11.713518655550255],[28.61270361973091, 26.608864935636007, 33.01541668347809]
10,0.2021802147194036,[8.51611165355604, 2.4687036953047015, 11.362203994876387],[31.61907679061327, 31.636569686281288, 29.538361365806367]
11,0.20145294844639533,[8.566513478539157, 2.220794471605177, 10.10171999874925],[29.805334571193015, 33.05743261583496, 33.40106623570357]
12,0.20193165522150086,[8.116144589370158, 3.7911998716348214, 11.085508621611433],[32.647433428454846, 27.447207967183065, 29.65693786319791]
13,0.2028785974570872,[9.320916280351533, 2.5872215154134555, 11.73563780077013],[27.38882063084302, 25.581795881202396, 26.75898620099658]
14,0.20171184850562313,[8.198198431618085, 3.94747984612971, 10.657793868904244],[25.7215558205203, 29.524592711067424, 27.40510226995527]
15,0.201701669737883,[8.639541050731836, 2.412006149802246, 11.92345663994516],[30.304130989091156, 27.551671619101057, 28.094930815130983]
16,0.2022001388356287,[8.13085978898128, 2.940220423483867, 10.621782556769116],[27.742776362173043, 32.74470705206783, 29.021508420131163]
17,0.20251047724446433,[7.8696454459532985, 2.201144232990825, 11.595114137973294],[26.698613269858964, 28.774072601122683, 26.524463786556186]
18,0.20230873075989558,[8.944526644783474, 3.763783606637639, 10.228622267799908],[32.60295704760797, 30.7554725062807, 31.68502659752001]
19,0.20265043866763807,[9.017053498405188, 2.445006087182249, 11.125699098991795],[34.98868934205581, 28.598618081638655, 25.93020537733812]
20,0.20230750814234671,[8.167159829453938, 3.0006847920605684, 11.951516695105981],[29.1720483665488, 34.084776304368816, 26.172183687715332]
21,0.20306447039618333,[8.659514114618382, 3.5235710159378724, 10.574467546968346],[31.74563339598324, 27.15985902565995, 29.13208803041265]
22,0.20235303623574666,[7.949231867740556, 2.6806114700635666, 10.622962194207254],[30.10937012794449, 29.21687213850651, 26.65130271798796]
23,0.203171795774027,[9.6266384897589, 2.445596630157571, 10.060941134150509],[32.985204126913466, 29.565140125199267, 33.761883136522975]
24,0.20187307769011315,[7.825570690859641, 3.563535284029923, 11.896061522482812],[29.751474426442233, 32.261344583409596, 25.093302468042264]
25,0.20225270055572778,[8.918624515054892, 3.2530767324510945, 11.64025654593888],[34.64241639285251, 32.90744588586303, 33.34500923326733]
26,0.2022312610710317,[8.426013045531619, 2.658273482756033, 11.014403309359341],[30.889046163451436, 26.965676591095118, 31.140676661430042]
27,0.20222445874945674,[8.573636906443337, 3.284416563654394, 11.046110802281689],[25.744958215320025, 31.100700673434932, 25.43722255466215]
28,0.20174318484267287,[9.408033102490563, 3.572719411737143, 11.969056502893165],[33.6009798595694, 27.848491500111972, 27.695500540815555]
29,0.20260258107470308,[9.491455715915606, 2.7432342672641816, 10.362139171137136],[33.862259019139536, 33.843132039189996, 34.93130642036233]
30,0.2021498496335749,[8.863964881264758, 2.251074540186856, 11.901429803297365],[27.249754260817202, 31.07172230405861, 26.02017252413447]
31,0.20197128209477816,[9.572388925336515, 2.877120789281035, 11.165316514234716],[30.824918417538562, 30.77290459455409, 29.731909008495187]
32,0.20161600137932242,[9.76825747816298, 3.0129474128166374, 10.227354628773893],[28.20254389546247, 34.5060320381792, 31.946119826382724]
33,0.20157645488407347,[7.8858224547904, 3.378545933383238, 11.786731629697396],[31.381643172338514, 31.93600973998042, 31.617557653148623]
34,0.202404748694781,[8.405794016434365, 3.4418716486657837, 11.060555124993302],[31.29604564087672, 25.774057724603036, 33.569191838785414]
35,0.2020251110356151,[9.418540750598886, 2.6151928263894244, 10.409684572885595],[34.35510690823095, 28.664494101349725, 32.25037537903888]
36,0.2022146619233667,[8.263149251639629, 3.732774996872574, 10.729613532088962],[30.312322076583865, 30.441284607928893, 32.5655300620479]
37,0.20258060214373794,[9.714304554578716, 3.451238264630911, 11.836721133910924],[29.670783430791854, 28.632342956175368, 33.519639687722986]
38,0.201258988681794,[9.489072886359255, 2.5842952767968264, 11.491688978912094],[30.335071324746636, 29.892829334312992, 25.35871639313783]
39,0.20257969684510335,[9.45688629700735, 3.43713089911838, 11.997650261242633],[26.831692593144766, 32.74099966152851, 25.292351864290524]
40,0.20206896269692343,[9.276960085009248, 2.460930327260453, 10.806672674094733],[28.409866455166824, 34.05304504501659, 26.85014370289154]
41,0.20164677007624224,[8.528721292654115, 3.545336095226647, 11.047904869380162],[25.040598435488878, 28.094698213207472, 28.07587397727749]
42,0.20244934599991454,[8.772932490942503, 3.7790390335697825, 11.98642551236146],[29.680802902572786, 27.053273350492343, 34.72708392971907]
43,0.20333280478356566,[9.562888168848836, 2.4617685630498425, 10.559316187333625],[29.65672179560243, 34.07119369371597, 26.8641286107285]
44,0.2027421569700324,[9.20912251588906, 2.963151217921009, 10.741891813567655],[33.109868053561954, 28.423512871063778, 25.089391587881813]
45,0.20219335227135893,[8.925402454986607, 3.4349794771746476, 10.748191064947001],[31.363909671412173, 27.601669057789433, 30.35879947823191]
46,0.20140771721090409,[8.498418734173555, 2.3297206374459822, 11.679916428780972],[31.140055903569124, 31.96989290017823, 29.64898454473811]
47,0.20199942406958807,[9.362416685234013, 3.5634825206339453, 10.346492204215398],[32.27646056668483, 26.76263195293352, 32.27691700362091]
48,0.20311981288743544,[8.531955246966515, 3.239263011605387, 11.000606838559277],[30.437314598514078, 28.512689382005696, 33.39776759796493]
49,0.20114840046285418,[8.262230708137677, 3.8434018179665106, 10.258781140274229],[31.36981686013211, 25.880921378620844, 31.42954831343185]
50,0.20199594978945604,[9.404552101858226, 3.2467784701644407, 11.316406354041085],[26.972629325401655, 30.544700813261645, 27.798446948333165]
51,0.20325611551729494,[8.543138894060624, 3.432971907783351, 11.331868453770886],[32.638289954861875, 32.88066548976428, 32.07555591664367]
52,0.20228422743868968,[8.690647853205252, 3.894275485333666, 10.041115125217589],[34.25521595248671, 31.767862181882837, 25.19946115038177]
53,0.20174033121075516,[8.072733942167524, 2.425463253898145, 10.133801628050145],[26.006037545419254, 27.118213422417607, 33.561802008576244]
54,0.20301853520902882,[8.271023007492762, 3.6682807709200755, 10.909755865531029],[34.48805128185038, 34.34761250581533, 29.326298816456077]
55,0.20279265560809934,[8.180785403767457, 2.3328063650972934, 11.907841734377806],[32.52409348379994, 27.77444512554785, 34.96271051452211]
56,0.2020166646845543,[8.156818895752831, 2.3975868063931918, 10.885179920709191],[31.134851333922846, 34.87916748019284, 33.35158922033587]
57,0.20234223615587563,[9.326989784289637, 3.4530958726086585, 11.37889394975676],[30.723655147521193, 30.930655717167042, 34.40560223918036]
58,0.2023791342207637,[8.084200903245373, 3.0448910748696703, 10.746712307833391],[30.177086237999074, 29.982854164816377, 26.89576273163867]
59,0.20281454875678956,[8.258107511681986, 2.0331243035996076, 10.903877085408558],[26.88026231186958, 31.891055840761922, 34.71198403197721]
60,0.20257464183845517,[8.473434765055565, 3.936033123947011, 10.259434453336608],[29.604927809842447, 31.99905752439083, 26.092979281200282]
61,0.20199639761462096,[8.488102903270436, 2.843850641013595, 10.039175134508167],[29.44060339977252, 26.19520056128445, 31.27938111698418]
62,0.20270998651177288,[8.883606723341185, 3.987745592616471, 10.11988607222904],[28.30051163277023, 26.518872293431833, 27.011091042872113]
63,0.202713496031137,[9.599177418132191, 2.550249552582526, 10.17816730488728],[34.907819573672576, 34.013735734837624, 26.916566348937994]
64,0.20227195228509526,[8.035309947570038, 2.1592504235280785, 10.875750622720332],[33.81247970257324, 31.028779159355146, 25.104918160376776]
65,0.2008853338840043,[8.206486402267602, 3.078137397933666, 11.363888271285274],[25.090324689051286, 26.708040282533997, 31.52898283729468]
66,0.20209461097862672,[9.734698581666908, 2.524279795150923, 10.870370367938397],[34.093309646624014, 33.81362728326461, 30.091011878397918]
67,0.20233683477460146,[8.106471013948084, 3.394160161486339, 10.65750895797887],[29.262600337708985, 28.381633469534357, 31.121389534700832]
68,0.200965591200067,[8.772603080429965, 2.1957681436973733, 11.771425106603049],[26.228209555684575, 29.41801489670858, 27.872594997246562]
69,0.20302722431979361,[8.623762701684923, 3.3715259984302848, 11.419315026271322],[25.110000255829803, 29.73536181265247, 34.62205922994181]
70,0.20263624835089905,[9.061553336734542, 3.0946000242201013, 10.240032171994171],[25.809182848176096, 26.993739913966373, 30.688237917192573]
71,0.20257126604387987,[9.666345825364289, 2.3075923052476583, 11.924448140797066],[29.338756285139993, 31.690911772066965, 26.523112138841704]
72,0.20271441171983368,[9.17429202213655, 3.360763307336529, 11.124130789294133],[32.12814453756924, 34.28682926049375, 32.289470926889074]
73,0.20219240577254505,[8.8657604004209, 2.4247842836190503, 11.734751144224361],[29.92585910102487, 33.22482687754986, 33.12066471786007]
74,0.20240813408231587,[7.854939157432751, 2.310593877959182, 11.966099016926735],[28.827781368513755, 25.374421343269077, 25.210393397438043]
75,0.20223714202351548,[7.9341738500603105, 2.589047602027888, 10.712920333890137],[31.271805115566906, 31.045692865581984, 27.23684774667779]
76,0.20219738543827975,[8.743931890719377, 2.8424872231088143, 11.605889441568834],[29.11611939481408, 27.6024569869918, 33.99164613494956]
77,0.20206993230384634,[7.8259794602791475, 2.0793130674182665, 11.00477288470955],[32.32737988363131, 33.83732286703287, 28.706559382327512]
78,0.20237550269306495,[9.765341401215084, 3.0443402258723085, 11.787228207441165],[26.58341506319884, 31.762341962506362, 34.05940993306514]
79,0.20350079298114285,[9.026370229284634, 2.9129620137331798, 10.617826049876866],[29.710496570335057, 34.85768767706074, 34.834478448954115]
80,0.20197734113161772,[9.430361197747779, 3.679120224496132, 10.289736690336374],[28.727660679642945, 31.739008534821032, 31.855674512304752]
81,0.20325523482385588,[8.032351792785224, 3.2489653199950372, 11.80417023299891],[27.223651074328448, 26.713543995500665, 29.830745506937305]
82,0.20246940834149638,[9.352574952733155, 3.6772950249734437, 10.160437425837364],[30.80990349351418, 27.36057155310617, 32.940833543494705]
83,0.20230235001482305,[8.305414313362231, 2.2054184293692827, 10.842356198468156],[29.071213465761385, 30.57059220542398, 33.513021587120036]
84,0.20277970967863054,[8.94334869346447, 3.9261501401231884, 10.531028510982793],[32.26413299846722, 26.52341827779672, 29.066072599116314]
85,0.20172521519807124,[9.015196227954668, 3.719173355675207, 10.899330729347975],[32.39961160507891, 31.162551921830346, 27.444939088419904]
86,0.2025492685814905,[9.798551440322594, 2.744692672387205, 11.80423546077624],[28.380847485642747, 32.34999848179618, 30.841599160475823]
87,0.20221421442802867,[9.780600772997747, 3.995091704693433, 10.2575947661049],[34.24120092455529, 25.237553397977017, 25.019760118685134]
88,0.20117152224007964,[9.391946769992384, 2.468073711077252, 11.694808194220876],[32.34176020472945, 32.480600824879694, 33.05487484108649]
89,0.2027014587197862,[7.884480288353952, 3.867662530310125, 11.50509385052202],[31.954258601553107, 32.11346903752532, 29.082765056670546]
90,0.20179888587278041,[9.405694007872254, 3.0469387872836036, 10.342736695555537],[31.25785970595706, 30.689736768503842, 34.08107661107891]
91,0.20180919340854386,[8.96247485124918, 2.966364244198191, 11.600434370991362],[32.08217483757735, 30.4833935517328, 25.59114021698919]
92,0.20130571128690672,[9.158673591275862, 2.4536557474468106, 10.797729649398399],[34.793551909923565, 33.36009737444618, 33.560472507236454]
93,0.2020239027984893,[8.83933937314879, 2.1938359711305613, 11.688943811245391],[31.73803926994991, 33.44891715301437, 33.38138486358284]
94,0.20254645050919387,[8.76123416656171, 3.946942070813276, 11.277435907138948],[33.6314771381901, 28.68370475181589, 30.57215097561606]
95,0.20178597950445876,[9.740407031201048, 3.61151108363053, 10.906347957825071],[26.780912740316282, 33.244939968528314, 32.875155181452286]
96,0.20288013669843336,[9.39679353628973, 2.0031521146273983, 10.432752227653447],[34.78303658305126, 25.618456095987092, 27.231905531034247]
97,0.20250882842493007,[9.082118160730957, 3.1939673186144533, 11.959762645586249],[29.91838067551424, 26.81771104815255, 34.31542736575053]
98,0.20225284941660923,[9.360744498314439, 2.3680334329472528, 11.245682179639665],[26.855331421647776, 33.05939730067057, 31.821454156229105]
99,0.2021421364651981,[9.47464462346563, 3.031557895131038, 10.56893547731637],[29.61081721982744, 29.15024829007693, 33.15527792238065]
100,0.2024641943877279,[8.034540419047579, 3.8546202912820995, 11.33630100545774],[25.634299008207027, 25.294243431523405, 27.845946058895453]
101,0.20260721662621126,[9.322054035582353, 3.3680230347694065, 11.535562538283777],[29.139507362090065, 30.220612342954155, 30.996437121010796]
102,0.20120643266352506,[9.137131373701381, 3.750587766373998, 10.122836701570554],[29.469864322171347, 28.494304176572655, 33.18519250746148]
103,0.20231560611085145,[9.607493388667855, 2.4721445576056054, 11.92454411628501],[32.772058762916956, 29.34232142862681, 25.744111710200336]
104,0.20144760221372007,[9.784473510041934, 3.4620014921596463, 11.36592661061776],[31.09485603844341, 32.004812942353475, 25.676443692410782]
105,0.20223896388152482,[8.749131948285939, 2.6422429023747247, 11.964100850108034],[27.668663075863385, 29.341476793880453, 27.826269875627553]
106,0.20231440706530116,[8.951920751684247, 3.8299092003136144, 10.96515838291649],[25.686925295885192, 34.933777611979274, 29.292922539440696]
107,0.20218985659519986,[8.588652392369678, 2.63192148804771, 11.997573633650095],[30.384155155321437, 34.85907510536534, 28.121182007055715]
108,0.20239828334099083,[8.740697875538924, 3.98628739722595, 11.780667076142283],[30.551778011683265, 25.686894666495586, 33.63940532412967]
109,0.20210041350969074,[9.462333585354422, 3.4805884389491295, 10.984332396897413],[28.710017358735996, 26.258113498968033, 27.652146778262303]
110,0.2024463354256783,[9.54107177466378, 3.4073344977677396, 11.552654586103909],[28.857306970466283, 29.47219326559999, 30.441827698107943]
111,0.20246782953511444,[8.498378322495187, 2.7924850227000704, 10.926214837793363],[29.70280617312408, 28.881008317248117, 34.6477146377993]
112,0.20286431425363402,[8.619467231517561, 2.406134784689457, 11.29241877191944],[33.95880701544339, 29.741876893896524, 31.136310990729275]
113,0.20197833350996075,[8.698093286926126, 2.792688680509743, 10.033580471747241],[27.085805519436633, 31.85622540650968, 31.27628723741661]
114,0.20188886962931815,[8.215873562211517, 2.379899087179428, 11.192755755562587],[32.90951333907778, 29.12798426044492, 26.238746882731427]
115,0.20103711464511528,[8.04535664884866, 2.779969980985108, 11.342238405480087],[25.77902772117671, 32.07923394252919, 28.30836485641808]
116,0.20129124949838356,[8.281485484059456, 3.7039045145397482, 11.32272816972116],[29.117514957424625, 32.71768455158857, 33.20064059921419]
117,0.20200224998618285,[9.583058208469689, 3.908304107736271, 11.261482589397396],[25.758416266623684, 31.47489429814896, 34.8937943510315]
118,0.20303792714425684,[8.659390881813337, 3.2554859484462773, 10.159969758155615],[26.845621139131325, 32.20639624928442, 25.764613465563095]
119,0.20234164457933343,[9.014262370880227, 2.1508977761636356, 10.814831398854286],[30.884312168970364, 29.855067372571153, 32.90864969729534]
120,0.20228687285250135,[8.136903645974247, 3.5297763899487316, 11.11741754864464],[32.99448141523569, 27.869282368510984, 28.737678046907956]
121,0.20186823147215996,[8.378413620085544, 2.6476421523336775, 11.207341590222427],[33.74038929218776, 27.549306014313416, 29.167396451388747]
122,0.2014830232980492,[9.624599539099323, 3.3379770498733903, 10.40636861506742],[33.39233141083788, 30.141599888637618, 32.331506084873126]
123,0.2017495653615417,[8.083364096799327, 3.718027286729596, 11.21449266477197],[34.01272829576309, 25.041158202699705, 34.58740394651004]
124,0.20243679991098887,[7.994101342550888, 2.429116844368295, 11.876889716354233],[29.367962632592185, 28.418380041652206, 27.64873706768944]
125,0.2023994703557418,[9.3225423107512, 3.3487596001208058, 10.643313867649724],[34.35051144641797, 31.633266268219614, 25.10575098656498]
126,0.2026854025132985,[7.8183973328579475, 3.4505742171159923, 10.646940924466929],[28.046626171315552, 32.89287920439773, 30.49333837025739]
127,0.2013463269575335,[8.672945329630561, 3.9538126144655097, 11.734216523627168],[33.70060081491215, 28.956776076796764, 30.451205505145033]
128,0.20179493054635522,[8.954675876559419, 3.287748925859748, 11.70662907291506],[33.57153348735613, 28.146870423307224, 27.607575715349462]
129,0.20354335977048116,[8.15069929038304, 3.449133510500821, 10.963039493802391],[27.825632140683748, 26.827722917776804, 30.311819722402742]
130,0.2027864372750339,[8.205569262959768, 2.5784056337987336, 11.05669585077436],[27.197315095023026, 30.266354354025303, 34.11639528076846]
131,0.201815833467995,[8.897191015850222, 3.1241345139425967, 11.047254974752898],[31.87223705593183, 28.992702529988478, 26.758565736001184]
132,0.20220093501178613,[9.587371537224453, 3.0214783964466543, 10.028587839507308],[27.257990538904565, 30.183545149000278, 28.508885476987906]
133,0.20211288382503248,[7.954863695273663, 3.21498824136782, 11.302311043568997],[31.99296074663451, 25.736787145629293, 27.147231362483872]
134,0.2028179860428233,[8.457067585727584, 3.2473854182274886, 11.554533123396094],[27.72055986649479, 28.10245409188807, 30.275119835018838]
135,0.20128859459448348,[8.194502225414723, 3.7165379937502285, 10.246195867650343],[34.0791581398147, 29.51606364629452, 33.98710211173517]
136,0.20357829951724746,[8.869283463233833, 2.642045616944623, 10.34341484975711],[31.892995573750746, 34.67408786220723, 25.44927830451062]
137,0.20201907291859914,[8.908612613743886, 2.6755929406034857, 11.796704497180087],[34.130988685792374, 34.65240510715754, 25.785602243477996]
138,0.2015437374493076,[8.370863447204625, 3.5115430017519, 10.370065165600712],[29.35485569425097, 34.0206920746641, 25.819109048997678]
139,0.20241570578556667,[9.734939483827223, 2.686335238366075, 11.55734038827074],[34.90671851705207, 33.14507961420315, 32.36778556586561]
140,0.2035485564751337,[7.962745515983677, 2.5691669773093384, 10.419925595562324],[29.07960308409831, 29.969190313265194, 30.738678501223532]
141,0.20200255552700894,[8.280330105376061, 2.6280583111189424, 10.890014872450543],[32.37953728900497, 31.993514875886024, 32.53407853138006]
142,0.20273992429168292,[8.097825545247517, 3.916618426779838, 11.550539878174677],[32.06268925759747, 31.133219832770735, 32.16387592668486]
143,0.20257399682309796,[8.91869281317075, 3.693065945260259, 11.112041633132806],[33.507305194488666, 32.57327382045612, 30.945159523198818]
144,0.20296400505380835,[8.265223759720264, 2.955933846703125, 11.314624566648867],[33.43269769480649, 32.10036306381503, 25.68606704771003]
145,0.20173010766251737,[8.630596530520092, 2.4470796151695646, 11.296182599196026],[28.352891545848024, 29.623209342336857, 30.35082242760806]
146,0.20207718058126292,[9.356237196268193, 3.711422488501717, 11.886891323443251],[34.37290767562533, 26.88008617611726, 33.77396567531107]
147,0.20209734505631086,[9.398212969737385, 3.6748055030767475, 11.093126815163256],[25.41761089723431, 31.415789510966587, 31.788248335210813]
148,0.20175882790220542,[9.587756674223101, 3.331289804917395, 11.060539085635005],[27.680242553698704, 33.7208507327783, 34.72867546495097]
149,0.20186551295208016,[9.584326549749804, 2.34850537247418, 10.220661838983219],[31.749217772114495, 30.912822579624354, 26.84809218606098]
150,0.20302364097858475,[9.499959581204417, 3.72644154373213, 10.431405155090557],[31.38329347916184, 28.07700523030921, 25.451121004564612]
151,0.20350878690686539,[9.167565258542213, 3.5891970135586426, 10.617310283345052],[34.785083922566656, 26.33227603890152, 34.11331526851173]
152,0.20260645457071885,[8.349234871117249, 2.4377352680111355, 10.344393033675967],[26.47403951192226, 33.994941773056716, 30.129037209357413]
153,0.2022379258357067,[7.9239012662937744, 3.17293875460044, 11.963657003217092],[25.422210862256264, 30.66977587421453, 27.082622772259967]
154,0.20214942775326794,[9.139439915555922, 2.244997844480911, 11.990809878768347],[29.888198236960978, 29.32101284099054, 28.721416552667208]
155,0.20209809312082405,[9.79220823139631, 2.193858085280651, 11.537266701700938],[26.339542467388263, 25.48324687873928, 33.036815696194594]
156,0.20162627011598572,[9.216403884486919, 3.0448787219605484, 10.616556487422109],[29.25365994510007, 28.909783490357697, 32.99710743988585]
157,0.2022175216578661,[8.026337701063603, 2.0312027803125323, 11.045902310037151],[28.72848703264954, 33.59330645349565, 29.27809184549509]
158,0.20170435385147728,[9.359904858252344, 2.3574071765432594, 10.722417086562755],[30.30588592067972, 27.754787287363133, 28.200468483185468]
159,0.20339775180039507,[9.771933954423869, 3.1219986433096674, 11.072544432214835],[25.846111797231977, 30.584824740231113, 25.07444115748583]
160,0.2020072786497029,[8.672051381735926, 3.7073648215303603, 10.321731862217685],[26.499452739275764, 25.69237951915005, 34.994949734694785]
161,0.2033506017393535,[8.955512317065027, 3.9570423263999266, 11.149100986508142],[34.48265120483494, 31.08667432128871, 32.29081692154324]
162,0.20231165822762354,[8.109079621046877, 3.5380532987079394, 10.882083176209864],[30.68278243983633, 26.303415886203233, 25.789955568350457]
163,0.20291171626839838,[9.444344542475143, 2.9390593572876123, 10.13252048226966],[25.961216215409866, 29.715004435739058, 25.710840818404144]
164,0.20279379108606962,[8.026453664659275, 2.2159466138094013, 11.252618405306093],[25.9345836500653, 27.71891118444354, 27.115142707973853]
165,0.20145221699668553,[9.383354861542578, 3.365056317238789, 10.97099673138882],[32.556073713604114, 25.030990113855037, 31.28594013886297]
166,0.20227212256710625,[9.500734814960598, 2.7903579814382335, 10.656237614885475],[29.397139669640776, 34.16557716064602, 25.167039595791742]
167,0.20170954573781474,[9.670722604694838, 3.8104266443285484, 10.166610439697287],[28.59621861591809, 32.444316439722336, 34.12866641973085]
168,0.2023584739614871,[8.032739414716048, 3.986485281103614, 11.3792399989137],[26.782787454984277, 30.832718916035418, 25.83798543659812]
169,0.20279490119280655,[9.302829714638348, 3.4344278724867157, 11.269305361588753],[33.466738463178075, 26.445532471772214, 27.876891415463536]
170,0.20222245747144516,[9.387125243116031, 2.3420816158009297, 11.63000375764671],[32.94389010580488, 29.26612939377991, 30.659859735168627]
171,0.20291180436568973,[9.468176681466781, 3.621100191878792, 11.684221930519882],[27.66558138289216, 26.508144581101206, 30.473467102257313]
172,0.20166167975767404,[7.900831947484272, 3.8228746123745183, 11.323825278128915],[34.21362249255145, 33.86365923585789, 25.246508561260868]
173,0.20202773201324106,[8.542208914126473, 2.952960412054896, 11.89217631225321],[33.36176350000179, 30.029299108785672, 32.46620175576982]
174,0.20246659779410112,[8.54800693254179, 3.263165402730289, 10.134691375719914],[27.54767165310275, 28.678767052673262, 31.687089742616337]
175,0.20241482994987475,[9.108974002746244, 3.5342004932496, 10.974357364181877],[30.14224604598003, 31.83910737997087, 28.438909563065625]
176,0.2015010829449802,[7.9369946347138605, 2.082966626682972, 10.590963340571072],[29.941897654131303, 25.76310174668047, 32.85449181159417]
177,0.20287672259298142,[9.78922682315248, 3.2188759773754523, 11.30259429976136],[28.820526716832656, 29.472659131322413, 27.41338532922535]
178,0.2020742553508139,[7.8800792496195955, 2.383410032608672, 10.369565498994545],[33.041958166729, 25.284848499356716, 31.915159286735033]
179,0.20250780407797234,[9.070636155868648, 3.549981608247794, 11.441909281937852],[28.451094736871863, 28.75578446021197, 27.473268122618432]
180,0.20294950407127324,[9.57248902883699, 2.620365089499672, 11.716926706838091],[30.705710748885423, 31.88360097823929, 31.934904952276778]
181,0.20235720822376127,[8.774362129186938, 3.5430185647111285, 10.292418623374148],[28.855872703579145, 29.90025582814561, 30.88493799970091]
182,0.20280137404221502,[9.067632723035288, 2.9538825147190697, 10.128751137863556],[26.724351707823377, 33.705703416141276, 31.116287383019813]
183,0.20162411386691725,[8.534459546317567, 2.8851861219084483, 10.616194834230264],[29.58057249483906, 25.612223268601007, 33.74559809471985]
184,0.2017612681616122,[9.5355016344112, 3.174765702863216, 11.591360598045817],[26.887417642658747, 33.02575460505901, 33.8300084700698]
185,0.20104843104901282,[7.904475415659866, 2.0422426485731635, 11.300563554100822],[34.41610821221127, 28.68015175934151, 27.596966214789724]
186,0.2033653461243198,[9.53679613491523, 3.870489424401173, 10.783137422614093],[28.164841273544006, 29.647969319219932, 26.93369547491081]
187,0.20213311575478504,[8.02715296535742, 3.844187159123295, 10.800890382694549],[30.518625538394385, 33.31049232623735, 31.519892975519255]
188,0.20226536381412524,[8.144021364040775, 3.7927340765608717, 11.4681727993177],[33.026501318808876, 33.29625299599613, 33.03429309937646]
189,0.20220016306214172,[7.948943510095492, 3.4086065068952527, 11.654267994599579],[26.517115984654566, 28.616315496948125, 30.100561879293412]
190,0.20223792565444026,[8.663698944163295, 3.8215852374254355, 11.513284982575467],[28.50759137325005, 31.165858202526415, 34.771735770407595]
191,0.20148815543245088,[8.595514992289536, 2.752473530158067, 11.353492092812578],[32.32701093076929, 28.891131827137716, 25.316124392441367]
192,0.20289089780132855,[9.777905355274171, 2.570149176421184, 10.314320965698386],[26.046733613917635, 28.299172531205816, 31.64210489200238]
193,0.20200826529867974,[9.528762702020593, 3.361026595354594, 11.515608370214705],[26.351156084593388, 28.865632901610095, 33.75231587861204]
194,0.2025253545028561,[7.9006308575940976, 2.7391202498519194, 10.901641684430267],[29.35175250245765, 25.71137307183261, 28.85309039641407]
195,0.2017819851895296,[9.5845820724602, 3.12277647597832, 11.02607941890093],[29.538463071406312, 28.977116042052277, 28.56629249751255]
196,0.20373841953038097,[8.69627162115945, 2.8655539202962563, 11.756271213826787],[26.155456337400977, 26.170906256793145, 30.178697627572344]
197,0.20256520775564557,[7.993234421808534, 3.0299147428369184, 10.534905537187694],[33.360227657017276, 31.417273045845363, 31.17206291478353]
198,0.20098926700563813,[8.090330140805541, 2.6033945980468864, 11.528661048820165],[32.02501038502662, 31.086436365728687, 28.798621848239517]
199,0.20263729714456596,[8.833032865613083, 3.0166840340045002, 11.555254767701026],[32.40175618672478, 33.01015948267778, 30.389423593430408]
200,0.20289211705075058,[9.419481301094006, 2.0036476188252945, 11.912505730449332],[34.41356348622663, 27.54517908389204, 25.006881056097463]
201,0.20280809041106507,[8.203372753257982, 2.210894375699235, 10.536054354568078],[26.428509364741053, 30.732627673693536, 29.16442379711498]
202,0.2007621028319094,[8.837411321722358, 2.617440638412708, 11.31856120098007],[27.113371802952788, 28.613412272420348, 25.46894554111905]
203,0.20206703033276166,[9.365037895275742, 3.095818468529008, 11.55564706301226],[32.675658925728555, 26.853053235771984, 31.32547742741108]
204,0.20240937311664037,[8.961051766625518, 2.6248467664497204, 10.18506606442559],[31.883669351632115, 31.13681825713531, 32.9375777051583]
205,0.20145029287565577,[9.79982744968967, 3.243166107234752, 11.287632814045617],[33.12568469241586, 31.057494263611595, 28.238026131945304]
206,0.20288112169979836,[7.94185616253048, 3.334789312068369, 11.44096013085125],[31.64654013064456, 29.19140465845208, 32.604604909394915]
207,0.2025605741873909,[8.830464563335006, 3.5660956268660335, 11.404332870386416],[30.93233871549629, 28.08228398788142, 28.23804433024785]
208,0.20236372389072996,[8.403315578218622, 3.206499462426093, 10.962742851394257],[34.42765669711647, 25.23045904027976, 27.256873313683272]
209,0.20207322107061776,[8.442138854095681, 2.225115797895823, 11.56979665906969],[29.153188656331864, 26.687777422048892, 30.706506922610124]
210,0.20277416538596824,[8.882234512524219, 3.253550775229077, 11.53061097130713],[30.939089349284792, 29.917756591128352, 31.289512109843265]
211,0.20300408079868815,[8.020282492380641, 2.2232266823507283, 10.162543028917295],[28.275014938444574, 28.482970739105312, 33.706156487658376]
212,0.20254942660634034,[8.462841610767226, 3.352479065614249, 10.19361695628278],[27.587289930600967, 27.554775866153257, 28.433924049891118]
213,0.2023289699389338,[8.508057780345528, 3.3627700124697495, 11.443069558234729],[26.317547303314978, 28.711615370438807, 31.61497972413921]
214,0.20278495129094218,[7.87563340753749, 3.273034789853203, 11.65239958485925],[34.471629072377716, 32.80290270105099, 28.611534408754995]
215,0.20179145509705948,[8.557907602105896, 2.268664388751256, 10.29836878066261],[34.675302554835085, 25.933582411783426, 27.220507367261696]
216,0.20234546911504633,[9.201668702173468, 3.837667718536091, 11.660716947924776],[26.04221859116846, 30.06570118004374, 29.55847798901057]
217,0.20257068290825792,[8.580235635148828, 2.1157941133761335, 10.639518042836151],[26.370591441691918, 30.42204099914319, 33.992486367194736]
218,0.20177922913941762,[8.220949536344223, 2.0694027489185634, 11.230509910819048],[31.22823437578245, 31.334199536438973, 26.737566154859287]
219,0.20284200679601588,[9.139195237571274, 2.0308656533357805, 11.85655155401319],[27.27749803558128, 27.33791879179561, 27.689437004716673]
220,0.20261101606607984,[9.779386751115126, 3.5767988374164954, 11.905395426507301],[28.87225787514866, 29.054929539053838, 31.931072071545223]
221,0.20163896837510908,[8.514089286930833, 2.755567566821478, 10.512161051271235],[30.221570011715727, 25.383754607133366, 25.961288945739174]
222,0.20089006322128272,[8.894707162351446, 3.310031066565791, 10.25307857080241],[30.460423928257498, 33.93095576691124, 28.056234100996125]
223,0.20264210761820867,[8.154372630397262, 2.505344801105965, 10.03712551797308],[33.27440075538203, 28.368489125701924, 31.548176481411883]
224,0.20253734951409122,[9.307791354689286, 3.8935114116169993, 10.068916079591888],[29.785710232413567, 26.199218937173267, 25.70407874920298]
225,0.2023793399101962,[8.352659658430833, 3.8258563414525417, 11.193435822652697],[30.672985595912884, 25.64219197713178, 30.284961032848]
226,0.20257037633145472,[7.951628064581286, 2.561585604035906, 10.65080123986413],[33.28764507747668, 34.60669245958181, 31.353447328720293]
227,0.20216258597485887,[7.829709080282238, 2.0331792878355106, 11.678111400178427],[31.974789875281054, 29.25051054006557, 27.156514554563724]
228,0.20241428701138534,[9.147272585144561, 3.6360299769760074, 10.967757294053548],[32.894359301090724, 26.037231204309474, 32.3654016795938]
229,0.202661633893853,[8.725798555100804, 3.274692782239099, 10.396469328880057],[26.260339650685598, 26.18928836885013, 32.959272138832084]
230,0.20150594197610372,[9.192481159195895, 3.7563010277025244, 10.621447752476216],[32.193793810315796, 28.401337764357773, 26.383059283936237]
231,0.20227065405064362,[9.426616687204982, 2.2613507563510193, 11.053344953579545],[34.33955799844602, 26.65303165828143, 25.372076335462165]
232,0.20167478408816225,[9.587086022122184, 2.3260046709317805, 11.386628101226034],[29.622438687380765, 31.155114822908185, 31.247142605861566]
233,0.20229230659086467,[8.349501938075562, 2.5394855777909027, 10.676806548279885],[30.452555135970076, 27.497468210436345, 31.15033888590785]
234,0.20237706566629624,[8.891037572546564, 3.8426221645539935, 11.851763770730958],[29.144758131064037, 29.02555761945024, 34.99418922669711]
235,0.20227143330452446,[8.19507748245793, 2.6825890680559614, 10.455446336553926],[30.107200959251912, 33.007400179870636, 30.852821529307498]
236,0.20271779008137297,[8.014408755132235, 3.333575700863914, 11.782606484145079],[32.03638742828749, 26.656809922627332, 30.656833071206183]
237,0.20175653833784704,[8.19455951524955, 2.822944215913332, 11.318388924374002],[26.98699692680004, 25.121858334822736, 29.046856519058988]
238,0.20282286489757176,[9.051601929805912, 3.24383730512071, 10.5436876147411],[29.881990148352344, 29.024356003378532, 26.65201660793851]
239,0.20135891253985502,[9.35510212318509, 2.9740337635878724, 11.136223626670384],[34.0975608201484, 27.180875244310755, 27.336466331774677]
240,0.20267452351669366,[8.463647191980439, 3.768638813772396, 11.977331364346906],[28.413713821227766, 25.42496215500605, 27.922646398798054]
241,0.20271079440505788,[8.342908807004163, 3.0770392578378862, 10.036406378692035],[26.178420045689066, 31.186037792922257, 28.635248794662637]
242,0.20190270900271318,[9.701393226364408, 3.6721123663956434, 11.274646837817684],[32.37466763811874, 33.42397907555653, 34.85008564060102]
243,0.20196815556351114,[8.407850838489127, 3.184273386339371, 11.759691949036036],[30.451704810334487, 27.359469936962203, 30.531177404798278]
244,0.20239121334100713,[8.467977468144113, 3.18144647525171, 11.710696917401773],[33.2727269607302, 32.69116640970125, 27.432352442091247]
245,0.20285268326618747,[9.520409385655409, 3.634605235680964, 11.830614872137389],[31.574877439340767, 27.622157560228942, 29.8547958061744]
246,0.20210175405872877,[9.042148656170257, 2.3916214545663728, 11.580772895102863],[30.703778326015303, 30.822690597424472, 27.280659621785478]
247,0.20151977991288977,[9.189152245944664, 2.5765201038957497, 10.772531852950848],[29.123588790807002, 31.288936614038892, 33.72805390948165]
248,0.20185465349160975,[7.819751802074191, 2.3901985976247473, 10.646305346560553],[28.021337888662362, 32.0365457445562, 32.37924988512501]
249,0.2022381115253346,[8.241620151672581, 2.64722200719664, 10.834114719402663],[32.352966722986636, 26.48880786795821, 33.043618900593415]
250,0.20191408671920003,[9.743038832882014, 3.7293088430887416, 11.22733092662715],[29.0026016627778, 29.967477304679097, 34.185760741544584]
251,0.20184940718431837,[8.776999532418696, 2.753236658366452, 11.50745310159417],[25.093093648359222, 28.860828407504833, 32.73551175064486]
252,0.201413111645182,[8.024277151809015, 3.251386574195176, 10.147243578304684],[26.5946677837417, 33.9104166751323, 27.827598991072527]
253,0.2023907779335961,[8.737374589774346, 3.0146102039527367, 10.00037539980098],[28.790485979441474, 32.87335444043748, 28.952220246777078]
254,0.2023265558891285,[8.994273474782684, 3.6683658260497447, 11.816125060369428],[29.130626755128212, 26.24209266915981, 30.95096061226683]
255,0.20235693361362453,[9.565031029112038, 3.950419805817554, 11.30669701430599],[30.704750905898596, 33.03203074983438, 26.89626950989816]
256,0.20260669046165247,[9.177440958231134, 2.4940406156120734, 10.925460593209278],[33.299653486292165, 29.329103646284835, 33.17356655236047]
257,0.20228016785718275,[9.28458657416769, 2.220453761887165, 10.43157229807305],[31.819874533567692, 34.463610704102834, 26.19192046986987]
258,0.20192742466067276,[8.216173442686891, 2.940709237165703, 11.623255226273397],[32.28753947709401, 25.4001436000385, 27.9077450055444]
259,0.20254816683233856,[8.451036039138767, 2.044103762742225, 11.604787101140488],[31.761480646295375, 33.640651268830986, 27.50409183546656]
260,0.20253576726746386,[7.893529886186715, 2.795172417744947, 10.561614843377995],[29.14117596612368, 34.25629800550287, 29.386927572603867]
261,0.20286261793378402,[7.939892173336703, 2.681748237735336, 10.697615249655952],[26.836118602047016, 33.62457330468506, 27.11724562339681]
262,0.20197061862377524,[9.273187703009791, 2.8002595106016424, 11.77244284912614],[28.428013942134562, 32.312899384922346, 29.655661049870822]
263,0.20141795067706728,[8.52441075255438, 3.789712971945363, 10.374439128824354],[31.893575313034365, 32.8354543017743, 29.084206626909182]
264,0.20169269487209313,[9.608723699873103, 2.1067000884396774, 11.727593173921191],[33.02113402971284, 27.436824547626617, 27.720218296504747]
265,0.20270379457116253,[8.189988229751208, 2.081734466911348, 11.698387357485544],[26.0293657101848, 32.05743431444766, 25.214842765308212]
266,0.20135923816255138,[8.096163990940452, 3.480937510553405, 10.550108557650924],[28.11998139432694, 26.602944521115752, 28.208981136027834]
267,0.20266910950339376,[9.725412775954986, 3.1454285497318057, 11.758985001197317],[27.689444156259853, 26.545816381279735, 34.57799247062283]
268,0.20244873619754825,[9.463091662941792, 3.8747821981104367, 11.799423949846929],[34.355673088250015, 27.961305280003906, 25.794491131213988]
269,0.2020964666833375,[8.844108685329298, 3.0557610335863723, 11.074200259501538],[27.341474461358814, 25.56989116731868, 31.774188448301828]
270,0.20301121705654676,[9.660801148549902, 3.306278229762624, 10.690119712286883],[25.140705506593054, 31.716025004549895, 26.969705095830076]
271,0.2025861251958504,[8.111365601217784, 3.092480406099056, 10.84930889783329],[27.47534096272409, 33.410895944971294, 26.342578830677432]
272,0.2029810895916306,[8.511226360703121, 2.4401359527966964, 10.784764277360916],[31.80036075900099, 27.038415009988533, 30.712314299317793]
273,0.2023501072690464,[8.542793962525604, 3.113274207846195, 11.149951948480293],[32.523815088451585, 26.807343834420017, 34.502091329596865]
274,0.2025703836445862,[9.273885626013513, 2.3057524060381382, 11.707906411383084],[25.083655986816588, 31.316111960702596, 27.821467181401925]
275,0.20208219593194995,[9.201476084774749, 2.0085897508624937, 10.753719510252441],[25.142398950405752, 26.278660528569457, 33.21680093162803]
276,0.20269604959800017,[8.124226968541848, 2.158281953291067, 10.786973545677045],[33.42668460976249, 31.385953456915097, 32.34362583571414]
277,0.20246720316987993,[7.991948270693445, 2.687976120976593, 10.002826081813902],[34.45666260644014, 31.92671818624041, 27.0652479958205]
278,0.20155197692459156,[8.909391374846159, 2.998044557937834, 10.22030764935491],[34.66761379677831, 32.969363431518225, 26.533976680120173]
279,0.2020275752226393,[8.104883811012169, 2.6385968958530586, 10.851919293097781],[31.056473127637474, 28.473193638647455, 31.49465040731741]
280,0.20147154738193285,[7.954419492270801, 2.746764833233276, 10.86896157373134],[31.940027761761904, 32.320725430653646, 29.61570611792364]
281,0.20218147718619925,[8.192485720470755, 3.390010597806413, 10.409046238264981],[33.13104650370698, 33.438460262587334, 28.858736129567344]
282,0.2012985891554192,[8.70356263959766, 3.115310631407854, 10.140760596835111],[28.572356838653906, 33.23349885696489, 32.31137250566604]
283,0.20203432346223255,[8.048313662079732, 2.8371954331290112, 11.868899569050402],[27.418020580242555, 27.705934459477447, 30.027444390644824]
284,0.202557040576047,[9.193747628001523, 3.807704461301668, 11.928167449335417],[31.263400486627017, 34.531759621002905, 32.50306990608476]
285,0.20222898410016157,[8.917459754978081, 2.1746503041964576, 11.401302259589166],[25.80628415179946, 28.70532850063527, 25.057232450998647]
286,0.20216841905580699,[9.220961875413774, 2.7928113045499554, 11.698684686554977],[30.289090802526488, 27.199397156760448, 32.11259331610102]
287,0.20281395407625893,[8.111908232783504, 2.645432876013803, 11.183133175859139],[31.748121024911775, 32.133742891599425, 34.39163553272436]
288,0.20269583082760573,[8.203728845680917, 2.2381784667178755, 11.841525571582872],[32.53357463549664, 33.49439072260395, 26.81359211694903]
289,0.2017993775402733,[9.723185582552365, 2.1799516933624137, 10.759334027291864],[30.815378593314808, 34.37705808870904, 27.23912748500168]
290,0.20262152257784746,[8.52570390953244, 2.260826690634222, 10.377420171840507],[30.084753762279384, 29.07086113602039, 30.347408059687808]
291,0.20267123174415974,[8.294927622020687, 2.3282759745499835, 11.01122619436249],[29.297870244670968, 30.38679045389813, 34.278087122985966]
292,0.2031029308285431,[9.000531465349033, 2.813703830400774, 10.4317296769614],[26.06139564190369, 26.79999743671256, 32.159443551821205]
293,0.20216193965889154,[8.43613668727789, 3.908641036619767, 11.647171914550228],[25.059339332325184, 26.50591516729506, 27.96401383896292]
294,0.20195450985728453,[9.718469557802303, 2.223701122921751, 11.94534554309204],[30.965528977899655, 28.887396312111953, 32.35323443969292]
295,0.20084685126641494,[8.558392514937283, 2.188064678236307, 10.815621341912653],[33.84076448255851, 26.506420308013805, 32.00529008495311]
296,0.20166167929836776,[9.072178504519098, 2.944956994013693, 11.459469404358543],[25.560178158632397, 30.795346592468515, 30.790460250778555]
297,0.20196217607145303,[8.249506805158653, 3.058179184284401, 10.357880532821914],[29.834978058530915, 33.228529463979136, 27.12621011275409]
298,0.20227939783340793,[9.323843042032257, 2.527047081815503, 11.031626051389237],[28.779854267315685, 29.130867905145745, 27.314627682050606]
299,0.20191734895171168,[8.782117118307317, 2.412607823955363, 11.248613244174408],[32.55959931023379, 32.74753284657785, 26.68091951440431]
300,0.20311950979840415,[8.883216053657817, 3.111919861397501, 10.43179589180208],[25.60857241755506, 28.89218556285698, 33.805990302340255]
301,0.20187783942097515,[8.073421930157382, 2.27413617996016, 10.74460264792536],[32.42303921424256, 26.14853840261995, 29.089063121660587]
302,0.201654600252201,[9.011958522637375, 2.6303827977047254, 11.59205917048871],[25.921004707380305, 25.892220332740976, 26.091647367915222]
303,0.2025441315401589,[9.416822520317245, 2.8815562925414424, 10.625566754084332],[27.90796762633907, 30.263376598933597, 30.0115633926266]
304,0.20148591641797775,[9.101342073599021, 3.584342547509424, 10.830565738292657],[26.306313259751615, 26.969704093223935, 26.934836060365523]
305,0.20220424337907267,[9.126210432770247, 3.91051451964563, 10.090763504261535],[28.648984519128863, 27.745106356028963, 33.77576329283403]
306,0.20163230157568574,[9.381965438828926, 3.379012997385872, 10.462543885798848],[30.547406089958216, 33.492037564607735, 29.1102829741878]
307,0.20152102408621508,[7.92620262334272, 2.6033872873731383, 10.689317615466932],[32.261276154192046, 33.42963824839209, 29.239773551653244]
308,0.20298596860184506,[9.178495553498344, 3.2826891891093037, 10.889758441243837],[34.525591114915784, 31.145274796447083, 29.251984134054698]
309,0.20202788517999237,[8.581313379807328, 3.731735875771809, 11.770991630591505],[27.137731866253446, 27.853931360487884, 28.143037849089648]
310,0.20300136023800158,[8.549130579434918, 2.4752648794905525, 10.250910883612894],[28.9293822496794, 34.269008604139735, 28.593234684652018]
311,0.20197419614493353,[9.319636024848979, 3.819990289439618, 10.88864726307687],[27.591600872482253, 26.91043048125296, 25.219229496924378]
312,0.2020543647093578,[9.345271013153175, 2.3292881011192046, 10.787916758302318],[31.74386255114196, 30.061274987115617, 25.340327272564686]
313,0.20313815193496104,[9.002320483439219, 3.9797775813209055, 11.262567385680496],[33.393921176130135, 32.561261782352034, 34.23942568196584]
314,0.20232025798054007,[8.442494402578214, 3.36526924777305, 10.57927677890872],[30.42785506186874, 29.721717590271897, 31.515764635305707]
315,0.2021664164581207,[8.821997009670119, 2.3714773259505035, 11.50364487626096],[25.14572069048586, 26.322665511428315, 26.32221260548271]
316,0.2018766104469229,[8.17416596127888, 2.134987131361412, 11.596790518339954],[28.033068782992363, 30.645108881739613, 25.512286348303096]
317,0.20147775073717214,[8.75873596309147, 2.0711016184648905, 11.642795398352794],[31.512383771659216, 27.117043989063056, 30.626440705827456]
318,0.20210675880678902,[7.868613386089138, 3.5963130392443245, 11.52316121847604],[26.818268601767357, 31.266970994701122, 30.733877114638542]
319,0.20257160472523184,[7.984227810993287, 2.744983247081896, 10.776302234266682],[27.876850873882695, 26.007234840973954, 27.56768844930223]
320,0.20320535458986003,[8.181237894705932, 3.370706654935771, 10.644952260426072],[31.973286999305827, 32.883464444471194, 27.168434850165927]
321,0.20246643572408474,[8.562320712157153, 2.3677082045510183, 11.179927791906204],[33.224841906959966, 33.15456560648613, 26.642474486268934]
322,0.20223249114120181,[9.494331685296766, 3.203945544385811, 10.291662793079782],[27.073229264108107, 27.8939416410304, 29.52213053046758]
323,0.2018505736590495,[7.825313748973983, 2.6979741883872133, 11.346904081738984],[32.30143414410093, 26.58772063241283, 32.22350738227844]
324,0.2030819454054505,[8.873547615365698, 3.375338349391695, 11.034967796613312],[27.1490766501956, 32.64397007566725, 33.77992904809396]
325,0.2027456366213549,[9.752129407355437, 2.321726062401395, 10.20824661465391],[25.56646487253382, 32.33190648494758, 34.23189045316353]
326,0.2023842961418818,[9.179853473751976, 3.067685202645097, 11.811059086600375],[31.424368338874263, 30.04699255627458, 31.97031346951794]
327,0.2019173828079614,[8.276226012449309, 2.678425122025417, 11.286716552600604],[33.44628545045367, 31.60800792586673, 28.58640197960865]
328,0.2023396011939311,[9.251538740772556, 2.1369487512114547, 10.543523449972048],[34.87617030958039, 32.433027770708705, 32.51598951223433]
329,0.20284493791654482,[7.822731487961708, 2.040519786531661, 10.654916072916736],[27.236373474140958, 29.00720136400066, 28.38308130655932]
330,0.20269286535977712,[8.982491174191448, 3.733208187527886, 10.703386431254323],[34.441262249872715, 26.66178427483257, 27.002335177771748]
331,0.20109669051139153,[8.103992449001868, 2.409680665764001, 11.276113748828994],[30.107163777935092, 30.29974626076871, 26.126801498417507]
332,0.2012281533460406,[8.503313758243356, 3.9697130751848615, 10.167430234080577],[33.635273763165394, 27.00076660163423, 25.632209733478064]
333,0.2017430535737999,[9.361316729470998, 3.6457161566102236, 10.695069006193334],[31.20679063152729, 29.471562209310985, 31.510246348961818]
334,0.2026327822146391,[8.183387627965645, 2.1757472334011707, 11.874476953793469],[33.653712785083414, 27.58894332007109, 30.972517153692362]
335,0.20202046961025466,[9.048843986728437, 3.600028450701446, 10.371908827983175],[34.29221032978404, 25.929312171624254, 27.810897142794857]
336,0.2023097517144326,[8.345232009616694, 3.4951187805522066, 10.41191928003888],[29.008409796140285, 33.87954962936911, 27.478910449542735]
337,0.20207647023388367,[8.93948333092138, 3.7510957551033695, 11.637060660015223],[28.253790780377862, 28.624075225274073, 27.635837679520797]
338,0.20301425782835844,[9.199115820815049, 3.3537754865727387, 10.986566961970283],[27.72829749054706, 30.082560365263774, 32.52620596068837]
339,0.20170615297021033,[8.091592374396711, 3.4431693602030196, 10.718009558485711],[31.434120389438316, 34.13614964755201, 31.362012968795963]
340,0.2021352129712376,[8.945993665478634, 2.3955818966627067, 10.413569505532513],[33.97182005471535, 31.179561989859778, 28.92468268071561]
341,0.2015702346655646,[8.292050355085452, 3.8286604417218486, 10.54747053591412],[31.001236066988326, 33.68774678915419, 34.548130258937576]
342,0.2025344294882714,[8.674337104861625, 2.813892245913084, 10.216559043244283],[29.985453392767205, 30.49327319764221, 29.379632964231362]
343,0.2021268484932158,[9.291378190128546, 3.7591080891707387, 11.416113454688148],[33.79750906040378, 34.74674248971556, 25.617708195622424]
344,0.20270251362630382,[9.264174938153497, 3.859537797938494, 11.541831798212908],[29.539997751984426, 30.4423717400096, 33.29308560542571]
345,0.2033256635828829,[9.678981179981534, 2.9557406369937684, 10.787922511687794],[30.261008171397638, 26.71400932421204, 28.515326389208184]
346,0.20184389105490555,[8.144648989607434, 3.068794924615971, 10.12384668787907],[30.285630282864105, 30.237009143410525, 32.33816267543245]
347,0.2022457433290171,[7.860529843267176, 2.3904274885184407, 10.69642933247123],[25.264329871371338, 25.314209797296655, 32.543547802412675]
348,0.20260141266831194,[8.596908166561864, 2.2258306970635644, 11.606703288063363],[26.016892794212712, 32.082757736733456, 33.75014019463689]
349,0.2032348030509733,[8.243258750112272, 3.880912039124243, 11.795093955070483],[30.24969758838899, 27.506445017250815, 27.96369748165595]
350,0.20158190511646382,[7.9083736440882895, 2.544459816906472, 11.748347609405581],[28.644382778763035, 29.403485462523687, 31.03298734711084]
351,0.20298614324944955,[9.74552058989431, 2.968688918729384, 10.769526740503817],[28.57793544184473, 31.423773133707556, 29.33812773537553]
352,0.2025565101417877,[8.863451638896507, 3.455279482848009, 11.414316522531688],[34.89661787076396, 27.747722948886498, 32.760097949878]
353,0.20353374388628215,[9.714015101156733, 3.7939805511615394, 11.874697389714099],[33.65227703219636, 25.168936130072726, 29.64381594338162]
354,0.20197535379307707,[7.8925055146242995, 3.0184554871641067, 11.850551913142347],[26.055809819965713, 26.025873887239765, 25.822804996383468]
355,0.20252679830107043,[8.901020339540747, 2.6811354284331363, 10.348797641179928],[29.659890194686227, 29.09553788846756, 31.33624095181051]
356,0.2021320734055801,[8.16739385741725, 2.425368782753607, 11.688436882529238],[26.108949207843317, 28.700841876453914, 28.733632698391393]
357,0.20272119960458798,[9.007896890245028, 2.346170436512528, 10.082914292221488],[29.688976884745653, 34.023887842617405, 31.112995156088996]
358,0.20315243218666273,[8.401353810933704, 3.9730931896284076, 10.697596469971625],[29.45914684428662, 29.30635267991934, 28.918089591751773]
359,0.20200297929961808,[9.638216088543576, 3.09288486162012, 11.926060192967588],[27.6867849343091, 25.320969702431672, 25.470164742032537]
360,0.20348191250480868,[9.382194398878013, 2.657394044216211, 10.824576198713505],[33.73543876270979, 30.403301460041213, 34.06512297358827]
361,0.2022013233811345,[9.360659874905766, 2.192919119442868, 11.72262650177366],[31.215330655335695, 29.800952956058346, 32.26895523335072]
362,0.20358054563751615,[7.9074871428510365, 3.5399606277634676, 10.612680030745997],[26.75749316135713, 25.254364255720017, 34.3688879359771]
363,0.20155557391446655,[9.278741056774336, 3.5161691710786096, 11.928041434300825],[31.885478777221834, 29.014175909164166, 28.266499462127598]
364,0.20276360779865696,[8.837380533730297, 3.6202815228332845, 10.446890566099043],[31.32356679956041, 30.33098910103733, 34.877385225730535]
365,0.20194830185631574,[8.964554861691514, 3.852909636847237, 11.925736878515533],[30.02715080914505, 26.86518545273757, 30.630130328851877]
366,0.20225828524461453,[8.851399995971073, 2.408605954057468, 11.681643349849116],[27.544952360130267, 27.92525678195869, 34.37408234647531]
367,0.2024660986704986,[8.77885268161817, 2.203022867748743, 10.622923440412919],[29.411906415890954, 33.6996304489293, 32.377566473716264]
368,0.20248307400322235,[7.937831673749567, 2.421805307641188, 11.534707502640325],[33.140322123375945, 31.92625378750054, 26.573065384314837]
369,0.20322651916567638,[9.170324400587736, 2.842892708805599, 10.173742390047972],[34.8558173694005, 29.14042719462937, 31.74136326743333]
370,0.20266824450669174,[9.114889028152591, 2.6623596938901963, 10.903392726877675],[29.349781904594817, 28.5735174845899, 34.26662834635385]
371,0.20257212658258786,[8.356012340407485, 2.9454988055613605, 10.947595189969523],[28.661336145755314, 30.004136662839386, 25.510075635619625]
372,0.20259511782418882,[8.20236805529364, 3.412200630430866, 11.947971942589106],[33.90191192631097, 33.9158798872542, 33.911712167055704]
373,0.20190557307357804,[8.833819393405125, 3.3791366487534695, 11.118003701505497],[29.760274058325905, 30.462052892127698, 31.00687609023794]
374,0.2030527627534547,[9.695952441117651, 2.515515624306201, 10.591867261430789],[31.397301005499315, 31.91796281168446, 30.50245979552753]
375,0.2027855834442924,[8.15546189094786, 3.437751012616278, 11.966075949452136],[33.03767306699917, 31.31888214884425, 29.68774059474032]
376,0.20297890462847917,[9.666097676951084, 2.458728130791288, 11.535299288543499],[28.878144464825354, 34.949788139772146, 26.754316244417186]
377,0.20351763088330693,[9.160235906217398, 3.710287507087122, 11.680439973924386],[33.931060860249566, 34.29019754134042, 29.17718542788564]
378,0.20224800784378755,[8.104567375086978, 3.228068227183991, 11.482321915358249],[25.420043254798365, 30.197808091462242, 31.779635281447757]
379,0.2034392592433932,[9.124181483975565, 2.0549998209117897, 10.058329478427416],[34.31639377919134, 29.094575729361658, 30.08462990733596]
380,0.2018839210447805,[8.667232252453235, 3.188702769193015, 10.098881266471917],[28.276972169589065, 31.697500447244508, 25.74022353961942]
381,0.20246891422750712,[8.294956197701618, 3.024834442896122, 10.555823169682785],[30.255114216852924, 28.023694383614338, 32.26687665289215]
382,0.20297225201182562,[7.995274657806875, 2.221055471588646, 11.623012396301146],[28.510338497666687, 34.5356011876934, 26.632997891078624]
383,0.20217554250947706,[8.778319364379112, 2.641985965768445, 11.486227541491239],[33.249952533277096, 28.299721581371355, 30.781824425481922]
384,0.20219159858283164,[8.710805108470327, 3.3705312054068712, 10.487763146664504],[32.5940821544099, 34.69470898934136, 31.13620004131866]
385,0.2018957926014922,[8.962392748077036, 2.353255360962649, 10.444875856684678],[28.091960031360312, 31.930328152461165, 31.452991521760648]
386,0.2019238973269114,[9.032441801732503, 2.8304852242595633, 11.95642096154797],[31.523329231878574, 26.700460638085435, 25.884139635679585]
387,0.20171908206439268,[8.318280529125214, 2.7287301080454727, 10.741340526349408],[28.306213346296822, 26.98350214628791, 29.26356222127997]
388,0.202768051961901,[7.827393854931431, 2.839780693353525, 11.843643370313938],[25.325952274941702, 31.99823291922231, 30.577696742315087]
389,0.2021010587375994,[8.969944096900438, 2.855137587985797, 10.507052133783835],[25.31897810454901, 31.326969281376055, 26.986327990528753]
390,0.20241257154952863,[9.576487501069524, 2.60420837592981, 10.234892983163736],[30.78654475174151, 27.496328084868317, 34.19205032452269]
391,0.20248703566611873,[8.43317789088983, 3.641712683996304, 10.489631179059286],[28.557249999013198, 27.50468801148029, 34.157386494822134]
392,0.20277509520582493,[9.342611502891053, 3.3557348698253087, 11.524954645510498],[29.79733220973277, 25.88092099393685, 29.770391603801173]
393,0.20262730536546777,[8.036200796080513, 3.3181575748848275, 10.182128212749166],[30.96766576034608, 27.905162650859964, 34.908275602126906]
394,0.2025702942039753,[9.680155089267332, 2.5063558181558228, 11.959327278335797],[32.10396681801834, 33.29105209275134, 26.832467418077037]
395,0.20209935823263087,[8.813780956426811, 2.1535668589957195, 11.103461702960313],[31.0630082262617, 33.992517180153676, 30.11933378749019]
396,0.20269899526752397,[8.822600759470602, 2.0402111054571996, 11.927220145281435],[25.36179489948784, 29.123320571558367, 29.064061185879225]
397,0.2014727453317555,[9.010540277925742, 3.3750646908999515, 11.818277192418583],[34.515135106526095, 26.302944104739183, 26.200780191997353]
398,0.20245421562959376,[8.989233634970958, 2.71965488360291, 11.152104133044821],[30.11685103858494, 25.412220598950366, 27.572681954520608]
399,0.20198339297770565,[8.057247611804335, 2.900203842883394, 11.568824658190362],[27.318018864348083, 27.566845085073044, 31.645157357828246]
400,0.20152226830408315,[8.023542521213658, 3.3472604211498735, 11.612162151559088],[27.381685419770513, 33.612195385202284, 25.974595114812345]
401,0.2027473595990929,[8.213787093609021, 3.898384369000074, 10.2103414976954],[28.364492730755266, 33.98943874683596, 33.80072100321554]
402,0.2016778631641714,[8.866418242203563, 2.758086803656444, 10.747535386624318],[31.807541383948887, 28.822640097688897, 26.86483199369688]
403,0.20356945030404772,[8.042768768889122, 2.392289409275209, 11.95996242279219],[29.715077660731758, 33.963520178227164, 25.174233201818463]
404,0.2023721059175301,[8.490136292949906, 2.633602961002257, 11.016874414920885],[31.10339922298793, 29.210390298041986, 32.99593696607746]
405,0.20186772985489992,[9.102671514839829, 2.6158195345551256, 11.689082231138157],[27.79446959010524, 27.104097180874575, 25.703526467833054]
406,0.20118614856561193,[9.369438235645514, 2.8129844052954853, 11.456651194974432],[33.98576764904006, 34.02733746357808, 28.72095266785209]
407,0.20104696303025174,[9.032162280320648, 3.380622136191638, 10.98091131713754],[25.42430425940663, 25.664442479372465, 30.969505648756595]
408,0.20168958177168161,[8.961321264576824, 3.940852937187907, 11.58107336558098],[28.388608123778024, 28.147450008256715, 31.477514796620586]
409,0.20164907726774445,[8.092196992924954, 2.0834073689518924, 10.47737154902439],[26.439056241146634, 33.36503401913815, 28.190635768100393]
410,0.20362375884600842,[9.02800829987105, 3.5497530914681565, 10.848431243722283],[26.58423255162335, 25.85231524907496, 29.78191456016679]
411,0.20237321369734573,[9.415971871494072, 3.2844197742604146, 11.063509206586565],[28.755031029747066, 31.80577030576986, 29.269564945197306]
412,0.20173957107459087,[8.638712462866021, 2.6032603894409676, 11.704154792464227],[27.188157517562527, 30.451171163472793, 29.02658097344099]
413,0.20178132511040814,[8.185708237591271, 3.9822631046340717, 11.646967926432033],[30.2510851550982, 27.23672690893547, 30.183022692028015]
414,0.20258109124435403,[8.116714025200585, 3.580325252584226, 10.299443678618395],[32.27293546343317, 32.18053599953807, 30.675427285201692]
415,0.20310827127571782,[8.706360541227435, 2.703760096472731, 11.287592536977991],[26.491751197297468, 30.140877972552758, 32.83339376840077]
416,0.2025142070319445,[8.223629127689135, 3.768445615421764, 11.679920012802636],[33.8746584404727, 27.62492972759192, 30.344653872518332]
417,0.20232273881015564,[8.253200523972751, 2.2128293406116333, 11.64370583034305],[30.675399420927587, 32.006354102918344, 30.86422633148912]
418,0.2012875403571044,[8.535331638780127, 2.46494588826171, 10.091707227335212],[26.656229082816893, 30.05061149041141, 34.880934037470894]
419,0.20241496629098937,[8.44992836322629, 3.8533110565451985, 10.217513659475447],[31.180337877187764, 25.20108577388605, 30.017320555654887]
420,0.2020764336428731,[8.714630360342866, 3.5652917082261775, 11.368990942269557],[27.43251824783863, 30.168860530786123, 32.030452949691444]
421,0.20210549133708114,[8.804107336200602, 3.523678172917018, 10.070823649122655],[34.7451365166622, 29.98811874400847, 26.110282118480697]
422,0.202548141620684,[9.705882711050354, 2.5726675673243857, 10.177337546644102],[31.713748707734876, 31.58120531075923, 29.872673315701338]
423,0.20298148454267195,[9.10091727124613, 3.7188172917960185, 10.588001082238357],[29.492936610584493, 34.21927223509881, 28.61603717866966]
424,0.2026344785873251,[9.057871593870876, 2.763561011820955, 11.357247077546038],[27.90545049131054, 33.172670368236965, 28.820609019442948]
425,0.2034232238591693,[9.678316453530048, 3.16385622468182, 10.619019686485803],[29.054144983842278, 33.45089476872934, 29.78307390515571]
426,0.20274068035198925,[7.852097191748825, 2.6688454830340493, 10.127880652107514],[31.28448382137777, 30.24153966205906, 25.603654375119476]
427,0.20258850073865253,[8.982922920957776, 2.094758693788494, 10.285425439771075],[32.93283847422544, 27.90289346719688, 33.27376953036095]
428,0.20184840780292568,[9.338600556026986, 2.495010416534609, 11.753905737852618],[31.25338757386759, 30.99827907771311, 31.821422574791647]
429,0.202773378361845,[8.00415655923409, 3.5065603065319024, 10.083504978571485],[32.821970004131984, 26.712284754697706, 27.63895199031907]
430,0.20276440844585614,[8.28088010733815, 2.509045752526055, 11.490731447626798],[31.416849160691598, 29.388659598913552, 32.52793754169929]
431,0.2023635101871312,[8.410853847140269, 3.083245563828517, 11.252894384712533],[30.131415249458268, 30.64941031051406, 28.01446852869921]
432,0.20251822097800196,[7.911670513756996, 2.275255255160034, 10.210616258611186],[26.306244843264615, 32.448540748347895, 25.990678322651306]
433,0.20148957362724212,[9.758736203990827, 2.667475549535954, 10.730575337484092],[27.570012806088, 28.145055517546755, 25.72483104943545]
434,0.20304458174970602,[8.875932293109155, 2.3453723157993296, 10.007828493931353],[33.6959561213397, 28.484315106917073, 34.00775087362642]
435,0.20287317449734393,[9.141163716495397, 2.8273476103080224, 11.53303431804628],[33.76815977302667, 30.767852817460152, 29.523081990276715]
436,0.2015990238430213,[9.157710790807007, 2.0513027148598653, 11.687358304072767],[34.921677645517704, 28.654001884303725, 31.732832763194843]
437,0.20234141251305068,[8.201041046419252, 3.092892249544194, 11.257205495122506],[25.30405535741303, 29.457503273930115, 26.841569950377462]
438,0.20164824185897576,[8.86196372091904, 2.2142663519279036, 11.820001322858724],[31.53447141513375, 28.010568445841706, 30.949253482332324]
439,0.20185269305139264,[9.394968434533995, 3.4901166217552944, 10.469150408814569],[34.140275338233806, 28.737841725888284, 25.744667640475]
440,0.20241701069159107,[8.456850539610214, 2.118882656768103, 10.41701502365231],[27.307289623498736, 30.178729808639936, 28.641348011367555]
441,0.2033977986971665,[9.32670331954098, 3.009392476463286, 10.692297626567282],[27.46147957217518, 29.574486925935002, 32.457241519203855]
442,0.2026814187114013,[7.932181187208418, 3.2182169253078596, 10.542260396932235],[27.950958984615028, 33.90309454722934, 29.827714263927298]
443,0.2020657861290203,[8.079916746142747, 2.2254961275648273, 11.388597528632303],[27.304623807157895, 28.747050309816622, 32.23742946429692]
444,0.20161476342244097,[8.650563770149844, 3.9069437253061086, 10.114371430972925],[31.74336933893433, 31.319114378881682, 30.267538738118073]
445,0.20121124919956337,[9.127806591159816, 3.2377353769052686, 10.46934608684947],[32.163674294764164, 26.793753244766933, 32.68404085138554]
446,0.20193614193791698,[8.49510678350702, 3.467103755952736, 10.280408893443871],[34.641985666952756, 29.275496474959706, 33.75314645801123]
447,0.20213683898169668,[8.37605767517398, 3.7111715486016355, 11.603280309174568],[33.44418745026303, 28.059483515944255, 29.57658313655844]
448,0.20346357073694749,[8.077530722299137, 3.4940093972016526, 10.949829018694096],[29.898243634893912, 29.17643488465737, 34.29731863660172]
449,0.20256556891968075,[9.456813136958253, 2.2466843391148092, 11.594725853022304],[26.30147110433358, 28.09591226248225, 34.71340179447695]
450,0.2026587867974014,[9.416058485577127, 2.1581666749228514, 10.687672422491993],[28.682048258943116, 27.68154962724943, 28.186522314412258]
451,0.20232141850966168,[8.439620032533197, 3.476111608838956, 11.54417563091352],[29.25911430173267, 27.61262050749947, 33.42447605028859]
452,0.20356214163439965,[8.887914045390685, 2.6242423759978126, 10.54670318651269],[26.968880173401903, 31.966329467526798, 25.228948187145182]
453,0.20256433423293918,[8.399044561441817, 3.0302102695144626, 10.949665054290918],[26.21203367893882, 34.101769861892365, 28.811830854927432]
454,0.202758774014201,[8.247439270971633, 3.951116152781916, 10.501723052500013],[25.44751065061334, 30.34553763733962, 34.45438262940859]
455,0.20286592445912147,[9.346577412097044, 3.697586371431155, 11.754916298939085],[31.170483205832344, 26.518612554643855, 28.419801782828763]
456,0.20180164844401474,[9.634871291153608, 3.784970223817586, 10.422059800585778],[25.96126978700108, 27.996586678901128, 28.932460222226734]
457,0.20175247386981024,[8.483371130144501, 2.014533919073557, 11.732028258439797],[27.415239911553705, 26.761362290672153, 26.962820469207678]
458,0.20130135783171194,[8.744022767989145, 3.193792282197699, 11.474897170264892],[31.701240411487568, 25.300622901642047, 25.622584274472437]
459,0.20229486146407705,[9.464357421078669, 2.3596406867865696, 11.365406814798977],[33.32408600969776, 26.313838104573627, 28.942012807907144]
460,0.2010145945297432,[8.661103903905111, 2.2740650231284287, 11.498796064630453],[29.78307488874652, 29.586471194227258, 33.61213257120137]
461,0.20273434265557844,[8.719243365901725, 3.173401891209039, 11.99816732872047],[32.28390069892078, 26.411449575582353, 32.17306738089563]
462,0.2024621434700589,[9.708674897803668, 2.39679146415387, 10.185711716311058],[26.484756949000257, 25.353258344294048, 34.93275826700621]
463,0.2017590900972731,[9.753410980258817, 2.696315292028765, 11.912310226378343],[27.04632443521612, 25.798041642322193, 26.062901910144348]
464,0.20326484945378154,[8.606499820126748, 3.3386120024045667, 11.408557622110344],[34.779281553210744, 34.835227397224465, 29.369012070568026]
465,0.20258967115198606,[8.581896036608667, 2.066171603617116, 11.52247994035843],[28.147969075835256, 25.524328086060105, 25.907588554120764]
466,0.20230529138835454,[8.599890092154586, 2.915672980002606, 11.38881196646411],[31.899261796749002, 30.0401181288842, 31.387160649809392]
467,0.20263414578012923,[9.607277319752834, 2.885629249752851, 10.551471603370596],[29.383840145850414, 28.794729514412225, 33.01955545694607]
468,0.20138892135534944,[8.929189112971338, 3.2526919450054717, 10.056237564991314],[32.552018824210684, 27.794599126045604, 29.88753820471251]
469,0.20157045453546257,[9.233886355127302, 2.2202944621302914, 11.385264462615508],[34.90498207734848, 30.483743106337876, 27.300245331299696]
470,0.20145000894365317,[8.823916945584068, 2.927198415690844, 11.221872065493235],[29.63216769727932, 33.329088396635626, 34.64249507665008]
471,0.20196022276042194,[8.15014277265933, 3.470806896280967, 10.754485530111541],[34.823949620294485, 26.866413539920323, 34.794836292911505]
472,0.2015980524181703,[8.930744704019375, 3.1800507257268036, 11.309008922279359],[26.842492352428188, 29.040423180444385, 27.475096988358565]
473,0.20352486634361658,[8.05043959633553, 3.3243918790211087, 10.507169629256188],[32.251643990420895, 29.13680506307133, 30.108703914080362]
474,0.20150498951857326,[8.01901986190859, 2.2726046759897724, 11.612633274483139],[31.532394131269115, 30.310432900206482, 32.81230043663514]
475,0.20209140380159932,[9.772335261844649, 3.1223794698485468, 11.372792195582972],[32.05006550762556, 31.46265336417747, 25.228491140843587]
476,0.2023274104860184,[9.395309269954842, 2.3546286867079367, 11.200675778556729],[28.624586915869806, 28.985755190994805, 32.084462072993766]
477,0.20207323870663688,[9.082802565785071, 3.0291216452852217, 10.118445907935467],[28.20061765183584, 31.207856392114515, 26.499723716050724]
478,0.2021256218904878,[9.03522574171408, 2.150821696618488, 11.559232502391657],[26.11279527027875, 26.558924917655485, 31.341505919660975]
479,0.20242857616626656,[9.226966577082115, 2.703521212981572, 10.42957725314748],[28.084194238162198, 29.513068510259025, 30.85436633897618]
480,0.20175381142220541,[9.083483182333337, 2.0228637644146663, 10.668376095209272],[30.96736193109322, 27.368430460419386, 31.717443869805724]
481,0.20207360138274058,[8.791041945944071, 2.1296856664610857, 11.834283261856246],[28.800498524487605, 32.224211984324675, 25.155031307204187]
482,0.20188047697978181,[8.64694230536055, 3.2688500153238422, 10.434176224493468],[33.564254019196774, 25.171966433741744, 31.61196386371164]
483,0.20229887174508998,[9.063299216650389, 2.5431077605887094, 10.03372462779698],[34.111237810359, 25.37615330731966, 26.8522055604491]
484,0.20149185031695804,[8.509188896271672, 2.9607233546367775, 10.163779645756133],[26.221547720223988, 29.747046508249817, 32.63012085688388]
485,0.20201422566505572,[7.830964484512507, 3.680856949462264, 10.596683328882541],[29.44938123398643, 33.152881860251945, 33.89211729642058]
486,0.20318242610599985,[9.203415384523302, 3.9841613627040307, 11.452347052830682],[25.41298814190147, 26.300752047010075, 29.38615950997819]
487,0.2023791998334277,[9.291906585864545, 2.653174222524517, 11.816767931559527],[26.222320946317303, 33.53628593449564, 27.47268659770515]
488,0.20281509847477175,[8.88062030946038, 3.9675090088779017, 11.805220549979914],[29.235770153213764, 30.42031693115941, 30.897363962522885]
